[
  {
    "FontName": "Aachen Std", 
    "HkxpArray": [
      1.0, 
      1.0, 
      0.73512252042006998, 
      -0.26371061843640609
    ]
  }, 
  {
    "FontName": "Adobe Garamond Pro", 
    "HkxpArray": [
      1.0, 
      1.0784313725490196, 
      0.59879336349924583, 
      -0.38914027149321267
    ]
  }, 
  {
    "FontName": "Andale Mono", 
    "HkxpArray": [
      1.0, 
      1.0, 
      0.73848334514528702, 
      -0.29199149539333807
    ]
  }, 
  {
    "FontName": "Arial", 
    "HkxpArray": [
      1.0, 
      1.0, 
      0.72442019099590726, 
      -0.27762619372442021
    ]
  }, 
  {
    "FontName": "Berthold Akzidenz Grotesk BE", 
    "HkxpArray": [
      1.0, 
      0.99858557284299854, 
      0.66619519094766622, 
      -0.31541725601131543
    ]
  }, 
  {
    "FontName": "Bickham Script Pro", 
    "HkxpArray": [
      1.0, 
      1.3201856148491879, 
      0.39675174013921116, 
      -0.94199535962877035
    ]
  }, 
  {
    "FontName": "Comic Sans MS", 
    "HkxpArray": [
      1.0, 
      1.0321750321750323, 
      0.71106821106821105, 
      -0.37387387387387389
    ]
  }, 
  {
    "FontName": "Cooper Std", 
    "HkxpArray": [
      1.0, 
      0.9845505617977528, 
      0.7205056179775281, 
      -0.2598314606741573
    ]
  }, 
  {
    "FontName": "Courier New", 
    "HkxpArray": [
      1.0, 
      1.0726495726495726, 
      0.74017094017094021, 
      -0.32991452991452991
    ]
  }, 
  {
    "FontName": "Georgia", 
    "HkxpArray": [
      1.0, 
      1.0909090909090908, 
      0.69485553206483441, 
      -0.31289640591966172
    ]
  }, 
  {
    "FontName": "Helvetica Neue", 
    "HkxpArray": [
      1.0, 
      1.0, 
      0.72408963585434172, 
      -0.27731092436974791
    ]
  }, 
  {
    "FontName": "ITC Avant Garde Gothic Std Medium", 
    "HkxpArray": [
      1.0, 
      1.0, 
      0.73513513513513518, 
      -0.26756756756756755
    ]
  }, 
  {
    "FontName": "Impact", 
    "HkxpArray": [
      1.0, 
      1.0, 
      0.81964175416924023, 
      -0.11673872760963558
    ]
  }, 
  {
    "FontName": "Livory Regular", 
    "HkxpArray": [
      1.0, 
      1.0921052631578947, 
      0.67982456140350878, 
      -0.28801169590643277
    ]
  }, 
  {
    "FontName": "Meslo LG L DZ", 
    "HkxpArray": [
      1.0, 
      1.0421969189551239, 
      0.75016744809109182, 
      -0.28466175485599465
    ]
  }, 
  {
    "FontName": "Myriad Pro", 
    "HkxpArray": [
      1.0, 
      1.0534124629080119, 
      0.71810089020771517, 
      -0.29376854599406527
    ]
  }, 
  {
    "FontName": "Neutra Text", 
    "HkxpArray": [
      1.0, 
      1.0617647058823529, 
      0.60882352941176465, 
      -0.31176470588235294
    ]
  }, 
  {
    "FontName": "Novel Pro", 
    "HkxpArray": [
      1.0, 
      1.0901408450704226, 
      0.70845070422535217, 
      -0.35352112676056335
    ]
  }, 
  {
    "FontName": "Rooney Regular", 
    "HkxpArray": [
      1.0, 
      1.0772659732540861, 
      0.73105497771173844, 
      -0.34175334323922735
    ]
  }, 
  {
    "FontName": "Times New Roman", 
    "HkxpArray": [
      1.0, 
      1.0486725663716814, 
      0.67551622418879054, 
      -0.32300884955752213
    ]
  }, 
  {
    "FontName": "Trajan Pro", 
    "HkxpArray": [
      1.0, 
      0.84993359893758302, 
      0.84993359893758302, 
      -0.0039840637450199202
    ]
  }
]